stage_number,kind,category,label,km_from_start,lon,lat,altitude_m,climb_length_km,avg_gradient_pct,final_straight_m,road_width_m,offset_source,status,description
1,START_REAL,,Départ réel,0.000,2.2201263090000793,41.40609953900008,,,,,,aso-arcgis,NORMALIZED_FACT,Départ réel
1,TIME_CHECK,,Chrono,5.084,2.2096700000000737,41.40669000000008,,,,,,aso-arcgis,NORMALIZED_FACT,"Point chrono : sur la Carrer de Llull, à hauteur de l'intersection avec la carrer de Provençals (installations côté gauche)."
1,TIME_CHECK,,Chrono,10.466,2.1731400000000463,41.40180000000004,,,,,,aso-arcgis,NORMALIZED_FACT,"Point chrono : sur la carrer de Mallorca, à hauteur de l'intersection avec la carrer de Nàpols (installations côté droit)."
1,TIME_CHECK,,Chrono,15.886,2.1576500000000465,41.370250000000055,,,,,,aso-arcgis,NORMALIZED_FACT,"Point chrono : sur le Passeig de Santa Madrona, à hauteur du panneau ""passage piétons"" sur la droite de la chaussée, devant le Museu d'Arqueologia de Catalunya à droite et le Teatre Lliure à gauche (installations côté droit). Pied de côte, alt. 44 m."
2,START_CEREMONIAL,,Départ fictif,,1.2378266660000463,41.12271000000004,,,,,,,NORMALIZED_FACT,Départ fictif : rambla del President Francesc Macia.
2,START_REAL,,Départ réel,0.000,1.282760000000053,41.12390000000005,,,,,,cyclingstage.com,NORMALIZED_FACT,"Départ réel : sur la N-340, à hauteur de l'hôtel Sant Jordi à droite (avant le feu tricolore)."
2,SPRINT,,Sprint,85.901,2.01431000000008,41.309330000000045,,,,,,cyclingstage.com,NORMALIZED_FACT,"Sprint : sur l'avinguda de la Generalitat (C-245), à hauteur de l'intersection avec Carrer de Santiago Rusiñol I Prats à droite (structures du côté droit)."
2,SUMMIT,2,Catégorie 2,94.548,1.9471400000000472,41.32631000100008,399,6.10,6.50,,,cyclingstage.com,NORMALIZED_FACT,"Sommet de côte : sur la BV2041, à hauteur du chemin à gauche (entrée de l'entreprise FPL EXC. Solutions S.L à gauche) précédant le panneau d'entrée de Begues. Côte de 2ème catégorie. Altitude : 399 m. Distance : 6,1 km. Pente : 6,5 %."
2,SUMMIT,3,Catégorie 3,141.898,2.1673200000000747,41.36504000000008,163,1.60,9.30,,,cyclingstage.com,NORMALIZED_FACT,"Sommet de côte : sur la Carretera de Montjuïc, 10 m avant le carrefour Carretera de Montjuïc-Avinguda del Castell. Côte de 3ème catégorie. Altitude : 163 m. Distance : 1,6 km. Pente : 9,3 %."
2,FINISH,,Arrivée/Mixte_2,168.500,2.1576400000000717,41.36456000000004,,,,700,6.00,cyclingstage.com,NORMALIZED_FACT,"Arrivée : passeig Olimpic, à l'extrémité d'une ligne droite finale de 700 m et à l'issue d'une montée de 700 m à 7%. Largeur chaussée : 6 m,"
3,START_CEREMONIAL,,Départ fictif,,2.287000001000081,41.61407000000008,,,,,,,NORMALIZED_FACT,Départ fictif
3,START_REAL,,Départ réel,0.000,2.2514900000000466,41.62440000000004,,,,,,aso-arcgis,NORMALIZED_FACT,"Départ réel : sur la C-1415b, à hauteur du panneau ""animaux sauvages sur 800m"" sur la droite de la chaussée."
3,SUMMIT,3,Catégorie 3,17.261,2.163940000000082,41.702690000000075,622,7.60,4.50,,,aso-arcgis,NORMALIZED_FACT,"Sommet de côte : sur la C-59, à hauteur du panneau ""virage serré"" sur la droite de la chaussée et du chemin menant à La Baronia à gauche. Côte de 3ème catégorie. Altitude : 622 m. Distance : 7,6 km. Pente : 4,5 %."
3,SPRINT,,Sprint,98.463,2.1690900000000397,42.229850000000056,,,,,,aso-arcgis,NORMALIZED_FACT,"Sprint : sur la N-260, avinguda de Barcelona, au niveau de la fin du carrefour avec Carrer Taga à gauche, 5 m avant le panneau kilométrique ""N-260 km 121"" sur la droite de la chaussée (structures du côté droit)."
3,SUMMIT,1,Catégorie 1,127.738,1.985082243000079,42.331267034000064,1778,9.30,6.50,,,aso-arcgis,NORMALIZED_FACT,"Sommet de col : sur la Carretera de Toses, à hauteur du chemin à gauche, 5 m après les deux barrières rouge et blanc. Col de 1ère catégorie. Altitude : 1778 m. Distance : 9,3 km. Pente : 6,5 %."
3,SUMMIT,3,Catégorie 3,172.289,2.0498136690000592,42.51154430400004,1836,11.40,4.10,,,aso-arcgis,NORMALIZED_FACT,"Sommet de col : sur la D618, à hauteur du panneau de sommet de col sur la droite de la chaussée. Côte de 3ème catégorie. Altitude : 1836 m. Distance : 11,4 km. Pente : 4,1 %."
3,FINISH,3,Arrivée/Catégorie 3,195.900,2.06598884400006,42.56368644100007,,,,80,5.50,aso-arcgis,NORMALIZED_FACT,"Arrivée : parking du Pla del Mir, à l'extrémité d'une ligne droite finale de 80 m et à l'issue d'un montée de 1,8 km à 6,5%. Largeur chaussée : 5,50 m,"
4,START_CEREMONIAL,,Départ fictif,,2.352610000000084,43.21018000000004,,,,,,,NORMALIZED_FACT,Départ fictif
4,START_REAL,,Départ réel,0.000,2.4360199990000524,43.20063000000005,,,,,,aso-arcgis,NORMALIZED_FACT,Départ réel
4,SUMMIT,4,Catégorie 4,48.406,2.5807900000000927,42.97365000000008,485,3.40,4.40,,,aso-arcgis,NORMALIZED_FACT,"Sommet de col : sur la D613, à hauteur du début du carrefour avec la D40 à droite. Côte de 4ème catégorie. Altitude : 485 m. Distance : 3,4 km. Pente : 4,4 %."
4,SUMMIT,3,Catégorie 3,65.011,2.4314500000000407,42.94458000000009,622,5.90,4.10,,,aso-arcgis,NORMALIZED_FACT,"Sommet de col : sur la D613, à hauteur du panneau de sommet de col sur la gauche de la chaussée. Côte de 3ème catégorie. Altitude : 622 m. Distance : 5,9 km. Pente : 4,1 %."
4,SPRINT,,Sprint,93.488,2.189628750000054,42.88029625100006,,,,,,aso-arcgis,NORMALIZED_FACT,"Sprint : sur la D118, avenue François Mitterrand, à hauteur du panneau ""sortie de secours"" sur la porte du bâtiment blanc sur la gauche de la chaussée, 15 m avant l'impasse des Prugnanes à droite (moyens techniques sur la gauche)."
4,SUMMIT,2,Catégorie 2,104.954,2.1224200000000906,42.86162000000007,883,10.80,5.50,,,aso-arcgis,NORMALIZED_FACT,"Sommet de col : sur la D613, à hauteur du chemin sur la droite de la chaussée. Col de 2ème catégorie. Altitude : 883 m. Distance : 10,8 km. Pente : 5,5 %."
4,SUMMIT,2,Catégorie 2,146.733,1.8244490250000922,42.87405320900007,1059,6.90,6.60,,,aso-arcgis,NORMALIZED_FACT,"Sommet de col : sur la D9, à hauteur du panneau de sommet de col sur la droite de la chaussée. Col de 2ème catégorie. Altitude : 1059 m. Distance : 6,9 km. Pente : 6,6 %."
4,FINISH,,Arrivée,181.900,1.6074094230000924,42.963957579000066,,,,300,,aso-arcgis,NORMALIZED_FACT,"Arrivée : cours Gabriel Fauré, à l'extrémité d'une ligne droite finale de 300 m."
5,START_CEREMONIAL,,Départ fictif,,0.38440999900007,43.125500000000045,,,,,,,NORMALIZED_FACT,Départ fictif
5,START_REAL,,Départ réel,0.000,0.4175900000000752,43.12963000000008,,,,,,aso-arcgis,NORMALIZED_FACT,"Départ réel : sur la D929, à hauteur du carrefour avec la D129 à droite."
5,SPRINT,,Sprint,113.664,0.05298000000004777,43.39507000000003,,,,,,aso-arcgis,NORMALIZED_FACT,"Sprint : sur la D835, avenue Jacques Fourcade, à hauteur de la rue des Vergers à gauche (moyens techniques du côté gauche)."
5,SUMMIT,3,Catégorie 3,132.800,-0.14139999999991915,43.377410000000054,348,1.00,8.80,,,aso-arcgis,NORMALIZED_FACT,"Sommet de côte : sur la D7, à hauteur du chemin à droite, du panneau vert ""Route de Pau"" et de l'entrée de l'entreprise Acti Agri (n°30) à droite. Côte de 3ème catégorie. Altitude : 348 m. Distance : 1 km. Pente : 8,8 %."
5,FINISH,,Arrivée,158.300,-0.37686999999993986,43.29863000000006,,,,560,6.50,aso-arcgis,NORMALIZED_FACT,"Arrivée : rue du Maquis Le Béarn, à l'extrémité d'une ligne droite finale de 560 m. Largeur chaussée : 6,50 m,"
6,START_CEREMONIAL,,Départ fictif,,-0.3679695049999623,43.292003168000065,,,,,,,NORMALIZED_FACT,Départ fictif
6,START_REAL,,Départ réel,0.000,-0.35505999999992355,43.28373000000005,,,,,,aso-arcgis,NORMALIZED_FACT,Départ réel
6,SUMMIT,4,Catégorie 4,51.020,0.06826333300006127,43.11668333300008,528,2.00,7.10,,,aso-arcgis,NORMALIZED_FACT,"Sommet de col : sur la D937, à hauteur du panneau d'entrée de Loucrup. Côte de 4ème catégorie. Altitude : 528 m. Distance : 2 km. Pente : 7,1 %."
6,SPRINT,,Sprint,59.181,0.13715041500006464,43.08448651900005,,,,,,aso-arcgis,NORMALIZED_FACT,"Sprint : sur la D935, à hauteur du panneau d'interdiction de tourner (à gauche, en sens inverse) précédant le n°59 à gauche et le centre de Radiologie à droite (moyens techniques du côté droit)."
6,SUMMIT,3,Catégorie 3,77.354,0.2799616350000633,43.11681229000004,518,3.00,6.80,,,aso-arcgis,NORMALIZED_FACT,"Sommet de côte : sur la D938, à hauteur du portail vert à droite précédant la maison beige à droite (cour d'école en surplomb à gauche). Côte de 3ème catégorie. Altitude : 518 m. Distance : 3 km. Pente : 6,8 %."
6,SUMMIT,1,Catégorie 1,118.087,0.32738000000006195,42.94235000100008,1489,12.00,6.50,,,aso-arcgis,NORMALIZED_FACT,"Sommet de col : sur la D918, à hauteur du panneau ""Col d'Aspin 1 489 m"" à droite. Col de 1ère catégorie. Altitude : 1489 m. Distance : 12 km. Pente : 6,5 %."
6,SUMMIT,HC,Catégorie HC,147.790,0.14554147200004763,42.908505356000035,2115,17.10,7.30,,,aso-arcgis,NORMALIZED_FACT,"Sommet de col : sur la D918, à hauteur du panneau Col du Tourmalet à gauche en sens inverse et du buste de Jacques Goddet à droite. Col hors catégorie. Altitude : 2115 m. Distance : 17,1 km. Pente : 7,3 %."
6,FINISH,2,Arrivée/Catégorie 2,186.200,-0.012808504999952675,42.736843358000044,,,,40,5.00,aso-arcgis,NORMALIZED_FACT,"Arrivée : D128, route des Espécières, à l'extrémité d'une ligne droite finale de 40 m à vue et à l'issue d'une montée de 18,7 km à 3,7%. Largeur chaussée : 5 m,"
7,START_CEREMONIAL,,Départ fictif,,-0.5931335439999543,43.65344262700006,,,,,,,NORMALIZED_FACT,Départ fictif : avenue du Docteur Edouard Castera.
7,START_REAL,,Départ réel,0.000,-0.5878757149999387,43.668715716000065,,,,,,aso-arcgis,NORMALIZED_FACT,"Départ réel : sur la D933 S, avenue Henri Castelnau, à hauteur du panneau losange jaune et blanc de route prioritaire, suivant le carrefour avec le chemin de Peyruc à droite."
7,SPRINT,,Sprint,120.300,-0.42473055899995416,44.56136259600004,,,,,,aso-arcgis,NORMALIZED_FACT,"Sprint : sur la D125, route de Guillos, à hauteur de l'arrêt de bus à droite juste avant le carrefour avec la rue de la Fontaine à droite et le lotissement du Ruisseau du Pin à gauche."
7,SUMMIT,4,Catégorie 4,137.344,-0.32224999999994,44.66049000000004,86,1.20,4.40,,,aso-arcgis,NORMALIZED_FACT,"Sommet de côte : sur la D13, à hauteur du portail vert de la maison n°23 a gauche. Côte de 4ème catégorie. Altitude : 86 m. Distance : 1,2 km. Pente : 4,4 %."
7,FINISH,,Arrivée,175.100,-0.5707640109999375,44.84585689900007,,,,560,6.00,aso-arcgis,NORMALIZED_FACT,"Arrivée : quai Louis XVIII, à l'extrémité d'une ligne droite finale de 560 m. Largeur chaussée : 6 m,"
8,START_CEREMONIAL,,Départ fictif,,0.722590000000082,45.18630999900006,,,,,,,NORMALIZED_FACT,Départ fictif
8,START_REAL,,Départ réel,0.000,0.7713100010000744,45.16456000000005,,,,,,aso-arcgis,NORMALIZED_FACT,"Départ réel : sur la N221, à hauteur du renfoncement à droite avec portail vert, 520 m après le rond-point N221-D5 E2."
8,SUMMIT,4,Catégorie 4,102.729,1.2155550000000517,44.803010000000086,216,3.70,3.30,,,aso-arcgis,NORMALIZED_FACT,"Sommet de côte : sur la rue Jacques de Maleville, entre les n°9 et 7 à droite (avant le portail d'entrée du n°7). Côte de 4ème catégorie. Altitude : 216 m. Distance : 3,7 km. Pente : 3,3 %."
8,SPRINT,,Sprint,122.867,1.0417300000000864,44.86298666700009,,,,,,aso-arcgis,NORMALIZED_FACT,"Sprint : sur la D703, voie de la Vallée, juste avant le panneau ""Camping *** à 300 m"" à droite (structures du côté droit) / avant la ligne, conserver une largeur de barriérage identique à celle de la ligne du sprint)."
8,SUMMIT,4,Catégorie 4,140.511,0.8723485710000887,44.84244285700004,191,2.20,5.30,,,aso-arcgis,NORMALIZED_FACT,"Sommet de côte : sur la D29, à hauteur du panneau ""virages dangereux"" à droite. Côte de 4ème catégorie. Altitude : 191 m. Distance : 2,2 km. Pente : 5,3 %."
8,FINISH,,Arrivée,180.400,0.503781176000075,44.84691235400004,,,,500,6.00,aso-arcgis,NORMALIZED_FACT,"Arrivée : plaine des jeux de Picquecailloux, allée Lucien Videau, à l'extrémité d'une ligne droite finale de 500 m. Largeur chaussée : 6 m,"
9,FINISH,,Arrivée,,2.307450000000074,45.54624000000007,,,,500,5.50,,NORMALIZED_FACT,"Arrivée : avenue Thiers, à l'extrémité d'une ligne droite finale de 500 m. Largeur chaussée : 5,50 m,"
9,SPRINT,,Sprint,,1.7234300000000644,45.12513000100006,,,,,,,NORMALIZED_FACT,"Sprint : sur la D921, route de Brive, à hauteur du passage de la Diligence à droite, 3 m avant le passage piétons (station-service Carrefour Market à gauche)."
9,START_CEREMONIAL,,Départ fictif,,1.5588000000000761,45.16497000000004,,,,,,,NORMALIZED_FACT,Départ fictif : avenue de la Riante Borie.
9,START_REAL,,Départ réel,,1.549250000000086,45.13916000000006,,,,,,,NORMALIZED_FACT,"Départ réel : sur la D38, 5 m après le panneau losange jaune et blanc de route prioritaire à droite, 150 m environ avant le panneau de sortie de Brive-la-Gaillarde."
9,SUMMIT,4,Catégorie 4,,2.122634377000054,45.570451450000064,977,0.90,1.20,,,,NORMALIZED_FACT,"Sommet de côte : sur la route forestière, à hauteur du coin final du grillage vert de l'enclos du relais TDF à gauche. Côte de 4ème catégorie. Altitude : 977 m. Distance : 0,9 km. Pente : 1,2 %."
9,SUMMIT,3,Catégorie 3,,1.7796200000000795,45.30490000000009,410,2.30,7.40,,,,NORMALIZED_FACT,"Sommet de côte : sur la D58, à hauteur du carrefour avec la rue Victor Forot menant vers Les Plantades à gauche. Côte de 3ème catégorie. Altitude : 410 m. Distance : 2,3 km. Pente : 7,4 %."
9,SUMMIT,3,Catégorie 3,,1.866119999000091,45.51970000000006,825,4.80,6.00,,,,NORMALIZED_FACT,"Sommet de côte : sur la D16, à hauteur du chemin à droite et du panneau ""La Croix du Pey"" en surplomb à gauche. Côte de 3ème catégorie. Altitude : 825 m. Distance : 4,8 km. Pente : 6 %."
9,SUMMIT,2,Catégorie 2,,1.8520200100000466,45.47132032800005,903,3.80,7.50,,,,NORMALIZED_FACT,"Sommet de col. Col de 2ème catégorie. Altitude : 903 m. Distance : 3,8 km. Pente : 7,5 %."
10,START_CEREMONIAL,,Départ fictif,,2.445730000000083,44.92736000000008,,,,,,,NORMALIZED_FACT,Départ fictif
10,START_REAL,,Départ réel,0.000,2.4048112140000626,44.87608808600004,,,,,,aso-arcgis,NORMALIZED_FACT,"Départ réel : sur la D617, à hauteur du renfoncement sur la gauche de la chaussée 5 m avant le panneau."
10,SPRINT,,Sprint,25.588,2.4365700000000743,44.78032500000006,,,,,,aso-arcgis,NORMALIZED_FACT,"Sprint : sur la commune de LACAPELLE-DEL-FRAISSE, D601, à hauteur du parking sur la gauche de la chaussée."
10,SUMMIT,3,Catégorie 3,68.093,2.676745270000083,44.95059166300007,1043,3.00,7.20,,,aso-arcgis,NORMALIZED_FACT,"Sommet de col : sur la D54, à hauteur du pylone électrique sur la gauche de la chaussée. Côte de 3ème catégorie. Altitude : 1043 m. Distance : 3 km. Pente : 7,2 %."
10,SUMMIT,2,Catégorie 2,97.370,2.818082312000058,45.018596167000055,1336,5.90,6.70,,,aso-arcgis,NORMALIZED_FACT,"Sommet de col : sur la D39, à hauteur du panneau de sommet de col sur la droite de la chaussée. Col de 2ème catégorie. Altitude : 1336 m. Distance : 5,9 km. Pente : 6,7 %."
10,SUMMIT,3,Catégorie 3,103.790,2.794160358000056,45.05229856900007,1392,3.10,6.50,,,aso-arcgis,NORMALIZED_FACT,"Sommet de col : sur la D39, à hauteur du panneau de sommet de col sur la droite de la chaussée. Côte de 3ème catégorie. Altitude : 1392 m. Distance : 3,1 km. Pente : 6,5 %."
10,SUMMIT,3,Catégorie 3,118.827,2.8284814960000517,45.137276238000084,1193,5.20,5.30,,,aso-arcgis,NORMALIZED_FACT,"Sommet de col : sur la D3, à hauteur de l'intersection avec la route qui mène au lieu-dit Entremont. Côte de 3ème catégorie. Altitude : 1193 m. Distance : 5,2 km. Pente : 5,3 %."
10,SUMMIT,1,Catégorie 1,135.700,2.6723309350000477,45.11371418200008,1589,7.80,6.00,,,aso-arcgis,NORMALIZED_FACT,"Sommet de col : sur la D680, à hauteur du panneau zone 30 km/h sur la droite de la chaussée. Col de 1ère catégorie. Altitude : 1589 m. Distance : 7,8 km. Pente : 6 %."
10,SUMMIT,1,Catégorie 1,152.075,2.6736900000000787,45.058117167000034,1309,4.40,8.50,,,aso-arcgis,NORMALIZED_FACT,"Sommet de col : sur la D317, à hauteur du panneau de sommet de col sur la droite de la chaussée. Col de 1ère catégorie. Altitude : 1309 m. Distance : 4,4 km. Pente : 8,5 %."
10,SUMMIT,3,Catégorie 3,163.840,2.7320000000000846,45.083920000000035,1294,3.10,5.80,,,aso-arcgis,NORMALIZED_FACT,"Sommet de col. Côte de 3ème catégorie. Altitude : 1294 m. Distance : 3,1 km. Pente : 5,8 %."
10,FINISH,,Arrivée,166.600,2.7480300000000852,45.08432000000005,,,,160,5.50,aso-arcgis,NORMALIZED_FACT,"Arrivée : D67, à l'extrémité d'une ligne droite finale de 160 m à vue. Largeur chaussée : 5,50 m,"
11,START_CEREMONIAL,,Départ fictif,,3.4072984050000628,46.14092996200009,,,,,,,NORMALIZED_FACT,Départ fictif : parc Omnisports Auvergne Rhône-Alpes - Vichy.
11,START_REAL,,Départ réel,0.000,3.4135400000000686,46.15902999900004,,,,,,aso-arcgis,NORMALIZED_FACT,"Départ réel : sur la D174, rue de l'Industrie à Creuzier-le-Vieux, à hauteur du panneau de limitation à 50 km/h et de la fichier de la glissière en bois à droite."
11,SPRINT,,Sprint,27.829,3.2906600000000594,46.30875000000009,,,,,,aso-arcgis,NORMALIZED_FACT,"Sprint : sur le boulevard Ledru-Rollin (D2009), à hauteur du carrefour avec la place Georges Clemenceau à gauche et la voie en sens interdit à droite (juste avant le kiosque à droite), entre le marquage au sol et le passage piétons (moyens techniques du côté droit dans le carrefour et à l'arrière des massifs sur le cours du 8 Mai 1945)."
11,SUMMIT,4,Catégorie 4,32.923,3.284090000000049,46.352970000000084,300,1.10,5.80,,,aso-arcgis,NORMALIZED_FACT,"Sommet de côte : sur la D2009, au niveau de la fin du petit renfoncement à droite, 5m avant le panneau carré bleu à droite, 70 m environ après le carrefour avec la route à droite menant au lieu-dit Billonnière. Côte de 4ème catégorie. Altitude : 300 m. Distance : 1,1 km. Pente : 5,8 %."
11,SUMMIT,4,Catégorie 4,123.455,3.43743223000007,47.00464427500003,360,1.50,5.00,,,aso-arcgis,NORMALIZED_FACT,"Sommet de côte : sur la D978 (voie de droite), au niveau de la borne kilométrique n°22 à droite. Côte de 4ème catégorie. Altitude : 360 m. Distance : 1,5 km. Pente : 5 %."
11,FINISH,,Arrivée,161.300,3.181266565000044,46.98281956900007,,,,,6.00,aso-arcgis,NORMALIZED_FACT,"Arrivée : rue de l’Amiral Jacquinot, à l'extrémité d'une ligne droite finale de 1 km (dont 500 m à vue). Largeur chaussée : 6 m,"
12,START_REAL,,Départ réel,0.000,3.164260001000059,46.858310000000074,,,,,,aso-arcgis,NORMALIZED_FACT,"Départ réel : sur la D58, à hauteur des panneaux de signalisation (""virages dangereux"" et ""fin de limitation à 70 km/h"") à droite et des panneaux de signalisation à gauche en sens inverse."
12,START_CEREMONIAL,,Départ fictif,0.069,3.163734333000093,46.86408669800005,,,,,,aso-arcgis,NORMALIZED_FACT,Départ fictif
12,SPRINT,,Sprint,46.089,3.4810538070000803,46.82816186200006,,,,,,aso-arcgis,NORMALIZED_FACT,"Sprint : sur l'avenue de Verdun, D981, à hauteur des places de stationnement à droite et du début de la maison n°168 à gauche (moyens techniques du côté droit) (laisser un accès de secours au niveau du portail vert de l'entreprise à droite suivant le sprint)."
12,SUMMIT,4,Catégorie 4,76.743,3.831689999000048,46.80908000000005,308,2.10,4.00,,,aso-arcgis,NORMALIZED_FACT,"Sommet de côte : sur la D981, au niveau de l'intersection avec la rue du Charnay à droite. Côte de 4ème catégorie. Altitude : 308 m. Distance : 2,1 km. Pente : 4 %."
12,SUMMIT,4,Catégorie 4,97.936,4.046721873000081,46.745706581000036,398,2.50,4.50,,,aso-arcgis,NORMALIZED_FACT,"Sommet de côte : sur la D985, au niveau du chemin en terre à droite et l'entrée de champ (barrière métallique) à gauche. Côte de 4ème catégorie. Altitude : 398 m. Distance : 2,5 km. Pente : 4,5 %."
12,SUMMIT,4,Catégorie 4,159.484,4.664960000000065,46.71516000000008,391,2.70,4.30,,,aso-arcgis,NORMALIZED_FACT,"Sommet de côte : sur la D977, au niveau de l'intersection avec la petite route à droite et le chemin à gauche. Côte de 4ème catégorie. Altitude : 391 m. Distance : 2,7 km. Pente : 4,3 %."
12,FINISH,,Arrivée,179.100,4.850817803000041,46.77802369600005,,,,,6.00,aso-arcgis,NORMALIZED_FACT,"Arrivée : quai Saint-Cosme, à l'extrémité d'une ligne droite finale de 1,6 km (dont 500 m à vue). Largeur chaussée : 6 m,"
13,START_CEREMONIAL,,Départ fictif,,5.49652541800009,47.08977429200007,,,,,,,NORMALIZED_FACT,Départ fictif
13,START_REAL,,Départ réel,0.000,5.5458150000000614,47.097525000000076,,,,,,aso-arcgis,NORMALIZED_FACT,"Départ réel : sur la D244, à hauteur du panneau ""Privé"" à gauche suivant le carrefour D229-D244."
13,SPRINT,,Sprint,137.857,6.575080000000071,47.75243000000006,,,,,,aso-arcgis,NORMALIZED_FACT,"Sprint : route de Lure, D486, juste avant la petite rue à droite (résidence Le Courbaudot) précédant la Gendarmerie, à hauteur du cabinet médical désaffecté (rampe métallique grise) à droite (moyens techniques du côté droit)."
13,SUMMIT,3,Catégorie 3,157.464,6.746750001000066,47.85919000000007,678,5.20,4.80,,,aso-arcgis,NORMALIZED_FACT,"Sommet de col : sur la D486, à hauteur du panneau ""Col des Croix altitude 678 m"" à droite. Côte de 3ème catégorie. Altitude : 678 m. Distance : 5,2 km. Pente : 4,8 %."
13,SUMMIT,1,Catégorie 1,175.873,6.834830000000068,47.82042000000007,1173,8.80,6.90,,,aso-arcgis,NORMALIZED_FACT,"Sommet de col : sur la D465, à hauteur de l'entrée du parking à droite suivant la Maison du Tourisme. Col de 1ère catégorie. Altitude : 1173 m. Distance : 8,8 km. Pente : 6,9 %."
13,FINISH,,Arrivée,205.800,6.853985394000063,47.64130673200003,,,,420,6.00,aso-arcgis,NORMALIZED_FACT,"Arrivée : boulevard du Maréchal Joffre, à l'extrémité d'une ligne droite finale de 420 m (dont 280 m à vue). Largeur chaussée : 6 m,"
14,START_CEREMONIAL,,Départ fictif,,7.319272814000044,47.739950803000056,,,,,,,NORMALIZED_FACT,Départ fictif : rue de l'Illberg.
14,START_REAL,,Départ réel,0.000,7.30488500000007,47.82063000000005,,,,,,cyclingstage.com,NORMALIZED_FACT,"Départ réel : sur la D429, rue de Soultz, à hauteur du grand panneau de signalisation en sens inverse à gauche, suivant la borne kilométrique n°48 à droite."
14,SPRINT,,Sprint,12.447,7.191819999000074,47.83714000000003,,,,,,cyclingstage.com,NORMALIZED_FACT,"Sprint : sur la D505, à hauteur du chemin du Lerchenbourg à gauche (panneau ""Eleveur-Sélectionneur..."" en sens inverse en contre-bas) (moyens techniques sur la gauche de la chaussée)."
14,SUMMIT,1,Catégorie 1,36.494,7.103270000000066,47.90370416700006,1336,21.60,4.70,,,cyclingstage.com,NORMALIZED_FACT,"Sommet de col : sur la D431, à hauteur du panneau de sommet de col sur la droite de la chaussée. Col de 1ère catégorie. Altitude : 1336 m. Distance : 21,6 km. Pente : 4,7 %."
14,SUMMIT,2,Catégorie 2,71.345,6.890850000000057,47.91564000000005,959,9.80,4.70,,,cyclingstage.com,NORMALIZED_FACT,"Sommet de col : sur le col du Page, à hauteur du chemin à gauche, 5 m avant la stèle à gauche. Col de 2ème catégorie. Altitude : 959 m. Distance : 9,8 km. Pente : 4,7 %."
14,SUMMIT,1,Catégorie 1,94.518,6.834830000000068,47.82042000000007,1173,8.90,6.90,,,cyclingstage.com,NORMALIZED_FACT,"Sommet de col : sur la D460, à hauteur de l'entrée du parking à droite suivant la Maison du Tourisme. Col de 1ère catégorie. Altitude : 1173 m. Distance : 8,9 km. Pente : 6,9 %."
14,SUMMIT,1,Catégorie 1,149.669,7.090185326000039,47.904963261000034,1233,11.20,7.30,,,cyclingstage.com,NORMALIZED_FACT,"Sommet de col : à hauteur de la ferme du Haag à gauche, 30 m avant le carrefour avec la D431. Col de 1ère catégorie. Altitude : 1233 m. Distance : 11,2 km. Pente : 7,3 %."
14,FINISH,,Arrivée,155.300,7.029633815000068,47.92332539500006,,,,170,6.00,cyclingstage.com,NORMALIZED_FACT,"Arrivée : D27, à l'extrémité d'une ligne droite finale de 170 m à vue. Largeur chaussée : 6 m,"
15,START_CEREMONIAL,,Départ fictif,,5.908321126000089,46.74533588300005,,,,,,,NORMALIZED_FACT,Départ fictif : avenue de la République.
15,START_REAL,,Départ réel,0.000,5.925760000000082,46.715190000000064,,,,,,aso-arcgis,NORMALIZED_FACT,"Départ réel : sur la N5, à hauteur du panneau bordeaux ""Auberge des Gourmets"" à droite suivant la sortie de l'aire de repos à gauche."
15,SPRINT,,Sprint,17.565,5.953381124000089,46.57706692800008,,,,,,aso-arcgis,NORMALIZED_FACT,"Sprint : sur la rue de Paris, à hauteur du n°8 à gauche, juste avant le monument aux Morts à droite (moyens techniques du côté droit)."
15,SUMMIT,3,Catégorie 3,37.018,6.056370000000072,46.48559000000006,1097,6.60,5.10,,,aso-arcgis,NORMALIZED_FACT,"Sommet de côte : sur la N5, à hauteur des panneaux directionnels superposés à droite (""Genève"" en vert, ""Gex"",...) juste avant la maison au pan de mur rouge à gauche. Côte de 3ème catégorie. Altitude : 1097 m. Distance : 6,6 km. Pente : 5,1 %."
15,SUMMIT,1,Catégorie 1,136.061,6.171380000000056,46.11968500000006,1175,4.70,11.20,,,aso-arcgis,NORMALIZED_FACT,"Sommet de col : sur la D45, à hauteur de la boîte-aux-lettres de La Poste à gauche juste avant le carrefour D45-D41 A. Col de 1ère catégorie. Altitude : 1175 m. Distance : 4,7 km. Pente : 11,2 %."
15,SUMMIT,3,Catégorie 3,146.134,6.212535000000059,46.10950000100007,823,2.10,8.30,,,aso-arcgis,NORMALIZED_FACT,"Sommet de côte : sur la route d'Arbusigny, à hauteur de la 2e entrée de la maison n°347 à gauche. Côte de 3ème catégorie. Altitude : 823 m. Distance : 2,1 km. Pente : 8,3 %."
15,FINISH,HC,Arrivée/Catégorie HC,183.900,6.427201068000045,46.03282503100007,,,,150,5.00,aso-arcgis,NORMALIZED_FACT,"Arrivée : D186 A, route de Solaison, à l'extrémité d'une ligne droite finale de 150 m à vue et à l'issue d'une montée de 11,3 km à 9,1%. Largeur chaussée : 5 m,"
16,START_REAL,,Départ réel,0.000,6.594864833000088,46.400489288000074,,,,,,aso-arcgis,NORMALIZED_FACT,Départ réel : place de la Libération.
16,TIME_CHECK,,Chrono,4.776,6.582120001000078,46.38632800000005,,,,,,aso-arcgis,NORMALIZED_FACT,"Point chrono : sur la D21, à hauteur du parking sur la droite de la chaussée."
16,TIME_CHECK,2,Chrono/Catégorie 2,9.646,6.57158000000004,46.36854000000005,,,,,,aso-arcgis,NORMALIZED_FACT,"Point chrono : sur la D32, route du Montet, à hauteur de la route de la Contamine à gauche (menant au lieu-dit Chez Desbois)."
16,TIME_CHECK,,Chrono,17.997,6.504145378000089,46.36678169700008,,,,,,aso-arcgis,NORMALIZED_FACT,"Point chrono : sur la D902, à hauteur du parking à droite, 20 m avant le début de la glissière métallique à droite."
16,FINISH,,Arrivée,26.100,6.487650245000054,46.38692537900005,,,,200,5.50,aso-arcgis,NORMALIZED_FACT,"Arrivée : avenue de Ripaille, à l'extrémité d'une ligne droite finale de 200 m à vue. Largeur chaussée : 5,50 m,"
17,START_CEREMONIAL,,Départ fictif,,5.921030000000087,45.568320000000085,,,,,,,NORMALIZED_FACT,Départ fictif : place du Centenaire.
17,START_REAL,,Départ réel,0.000,5.912720000000093,45.63533000000007,,,,,,aso-arcgis,NORMALIZED_FACT,"Départ réel : sur la D991, à hauteur du vieux chemin sur la droite de la chaussée, 300 m après le passage sous l'autoroute A41."
17,SUMMIT,4,Catégorie 4,19.381,5.986926667000091,45.747263333000035,481,1.60,5.50,,,aso-arcgis,NORMALIZED_FACT,"Sommet de côte : sur la D901, à hauteur du feu tricolore sur la droite de la chaussée. Côte de 4ème catégorie. Altitude : 481 m. Distance : 1,6 km. Pente : 5,5 %."
17,SUMMIT,4,Catégorie 4,35.733,6.106217369000092,45.70180684200005,686,1.70,1.60,,,aso-arcgis,NORMALIZED_FACT,"Sommet de côte : sur la D59, à hauteur du panneau d'entrée du lieu-dit Rossillon à droite. Côte de 4ème catégorie. Altitude : 686 m. Distance : 1,7 km. Pente : 1,6 %."
17,SUMMIT,3,Catégorie 3,49.749,6.060037394000062,45.59595133800008,1142,3.60,6.80,,,aso-arcgis,NORMALIZED_FACT,"Sommet de col : sur la D206, à hauteur du panneau ""Col des Près Alt 1142 m"" sur la droite de la chaussée. Côte de 3ème catégorie. Altitude : 1142 m. Distance : 3,6 km. Pente : 6,8 %."
17,SUMMIT,4,Catégorie 4,59.654,6.014240635000078,45.589304811000034,611,1.20,5.70,,,aso-arcgis,NORMALIZED_FACT,"Sommet de côte : sur la D206, à hauteur de la borne kilométrique sur la gauche de la chaussée précédant l'entrée de Saint-Jean-d'Arvey. Côte de 4ème catégorie. Altitude : 611 m. Distance : 1,2 km. Pente : 5,7 %."
17,SPRINT,,Sprint,147.561,5.435060000000078,45.39741000100008,,,,,,aso-arcgis,NORMALIZED_FACT,"Sprint : sur la D73 A, route du Tram, entre le carrefour avec le chemin de la Grande Colombe à droite et le premier lampadaire à droite suivant ce chemin (moyens techniques du côté droit) / laisser une ouverture possible en tous temps pour le passage des véhicules d'incendie et de secours."
17,FINISH,,Arrivée,174.700,5.591107717000057,45.36656836600008,,,,350,6.00,aso-arcgis,NORMALIZED_FACT,"Arrivée : cours Senozan, à l'extrémité d'une ligne droite finale de 350 m. Largeur chaussée : 6 m,"
18,START_CEREMONIAL,,Départ fictif,,5.589714985000057,45.367586896000034,,,,,,,NORMALIZED_FACT,Départ fictif : avenue Raymond Tézier.
18,START_REAL,,Départ réel,0.000,5.515960001000053,45.31615000000005,,,,,,aso-arcgis,NORMALIZED_FACT,"Départ réel : sur la D1092, à hauteur du panneau ""Contrôles radars fréquents"" sur la droite de la chaussée et du carrefour avec la route des Etangs à gauche."
18,SUMMIT,1,Catégorie 1,36.869,5.619250000000079,45.178799999000034,854,11.50,5.40,,,aso-arcgis,NORMALIZED_FACT,"Sommet de côte : sur la D531, à hauteur du panneau annonçant ""3 traversées piétonnes"" sur la droite de la chaussée. Col de 1ère catégorie. Altitude : 854 m. Distance : 11,5 km. Pente : 5,4 %."
18,SUMMIT,2,Catégorie 2,92.332,5.70070000000004,44.966060000000084,844,9.70,5.00,,,aso-arcgis,NORMALIZED_FACT,"Sommet de côte : sur la D529, rue de la Ville, à hauteur du n°883 sur la gauche de la chaussée. Côte de 2ème catégorie. Altitude : 844 m. Distance : 9,7 km. Pente : 5 %."
18,SPRINT,,Sprint,98.733,5.752570000000048,44.95459000000005,,,,,,aso-arcgis,NORMALIZED_FACT,"Sprint : sur la D529, route de la Festinière, à hauteur de l'accès au parking à gauche et du n°32 à droite (moyens techniques du côté gauche, sur le petit parking)."
18,SUMMIT,3,Catégorie 3,112.899,5.825447343000064,44.882277971000065,836,3.40,6.60,,,aso-arcgis,NORMALIZED_FACT,"Sommet de côte : sur la D1085, à hauteur du panneau annonçant le parking/aire de repos à droite. Côte de 3ème catégorie. Altitude : 836 m. Distance : 3,4 km. Pente : 6,6 %."
18,SUMMIT,3,Catégorie 3,166.224,6.196113787000058,44.64410608900005,1237,2.50,6.90,,,aso-arcgis,NORMALIZED_FACT,"Sommet de côte : sur la D113, à hauteur des parkings sur la droite de la chaussée. Côte de 3ème catégorie. Altitude : 1237 m. Distance : 2,5 km. Pente : 6,9 %."
18,FINISH,1,Arrivée/Catégorie 1,185.200,6.322093509000069,44.696674844000086,,,,200,5.00,aso-arcgis,NORMALIZED_FACT,"Arrivée : rue des Écrins, à l'extrémité d'une ligne droite finale de 200 m à vue et à l'issue d'une montée de 7,1 km à 6,7%. Largeur chaussée : 5 m,"
19,START_CEREMONIAL,,Départ fictif,,6.060340000000053,44.54231000000004,,,,,,,NORMALIZED_FACT,Départ fictif
19,START_REAL,,Départ réel,0.000,6.082090000000051,44.579990000000066,,,,,,aso-arcgis,NORMALIZED_FACT,"Départ réel : sur la N85, à hauteur du chemin de Peyre Ossel sur la droite de la chaussée."
19,SUMMIT,2,Catégorie 2,4.864,6.080626666000057,44.61057000100004,1246,4.80,7.20,,,aso-arcgis,NORMALIZED_FACT,"Sommet de col. Col de 2ème catégorie. Altitude : 1246 m. Distance : 4,8 km. Pente : 7,2 %."
19,SUMMIT,1,Catégorie 1,25.247,5.984610000000089,44.692360000000065,1664,7.20,8.50,,,aso-arcgis,NORMALIZED_FACT,"Sommet de col : sur la D17, à hauteur des deux poteaux en bois de chaque côtés de la chaussée inscrits col du noyer. Col de 1ère catégorie. Altitude : 1664 m. Distance : 7,2 km. Pente : 8,5 %."
19,SPRINT,,Sprint,89.368,5.973513500000081,44.93597311100007,,,,,,aso-arcgis,NORMALIZED_FACT,"Sprint : sur la commune de CHANTEPÉRIER, D526, à hauteur du panneau parking sur la droite de la chaussée avant l'entrée du restaurant."
19,SUMMIT,2,Catégorie 2,99.184,5.967430911000065,45.00825455700004,1371,5.40,6.40,,,aso-arcgis,NORMALIZED_FACT,"Sommet de col. Col de 2ème catégorie. Altitude : 1371 m. Distance : 5,4 km. Pente : 6,4 %."
19,FINISH,3,ArrivéeMixte,127.900,6.071199340000078,45.094078987000046,1850,3.70,6.20,,,aso-arcgis,NORMALIZED_FACT,"Sommet de col. Côte de 3ème catégorie. Altitude : 1850 m. Distance : 3,7 km. Pente : 6,2 %."
20,START_CEREMONIAL,,Départ fictif,,6.029599999000084,45.05626999900005,,,,,,,NORMALIZED_FACT,"Départ fictif : sur l'avenue de la République, à hauteur de l'avenue des Maquis de l'Oisans."
20,START_REAL,,Départ réel,0.000,6.008940000000052,45.10098000000005,,,,,,aso-arcgis,NORMALIZED_FACT,"Départ réel : sur la D1091, à hauteur du chemin de Vestre sur la droite de la chaussée."
20,SUMMIT,HC,Catégorie HC,33.959,6.203559834000089,45.227460000000065,2067,24.00,5.20,,,aso-arcgis,NORMALIZED_FACT,"Sommet de col : sur la D926, à hauteur du panneau de sommet du col de la Croix de fer sur la droite de la chaussée. Col hors catégorie. Altitude : 2067 m. Distance : 24 km. Pente : 5,2 %."
20,SPRINT,,Sprint,66.656,6.387238941000078,45.25877869100009,,,,,,aso-arcgis,NORMALIZED_FACT,"Sprint : sur la commune de SAINT-JULIEN-MONT-DENIS, D1006, à hauteur du renfoncement sur la droite de la chaussée."
20,SUMMIT,1,Catégorie 1,87.716,6.444560000000081,45.202690000000075,1566,11.90,7.10,,,aso-arcgis,NORMALIZED_FACT,"Sommet de col : sur la D902, à hauteur du panneau de sommet de col du Télégraphe sur la droite de la chaussée. Col de 1ère catégorie. Altitude : 1566 m. Distance : 11,9 km. Pente : 7,1 %."
20,SUMMIT,HC,Catégorie HC,110.648,6.407920000000047,45.06415000000004,2642,17.70,6.90,,,aso-arcgis,NORMALIZED_FACT,"Sommet de col : sur la D902, à hauteur du panneau de sommet de col sur la gauche de la chaussée. Col hors catégorie. Altitude : 2642 m. Distance : 17,7 km. Pente : 6,9 %."
20,SUMMIT,HC,Catégorie HC,156.606,6.149046792000092,45.08747032900004,1999,12.80,7.30,,,aso-arcgis,NORMALIZED_FACT,"Sommet de col. Col hors catégorie. Altitude : 1999 m. Distance : 12,8 km. Pente : 7,3 %."
20,FINISH,3,ArrivéeMixte,170.900,6.071199340000078,45.094078987000046,1850,3.70,6.20,,,aso-arcgis,NORMALIZED_FACT,"Sommet de col. Côte de 3ème catégorie. Altitude : 1850 m. Distance : 3,7 km. Pente : 6,2 %."
21,FINISH,,Arrivée,,2.3115300000000616,48.868520000000046,,,,700,8.00,,NORMALIZED_FACT,"Arrivée : avenue des Champs-Élysées, à l’extrémité d’une ligne droite finale de 700 m et à l’issue du 3e passage côte de la Butte Montmartre. Largeur chaussée : 8 m,"
21,SPRINT,,Sprint,,2.303480000000093,48.87107000000009,,,,,,,NORMALIZED_FACT,"Sprint : sur la commune de PARIS, AVENUE DES CHAMPS-ÉLYSÉES, à hauteur de l'intersection avec la rue Lincoln."
21,START_CEREMONIAL,,Départ fictif,,1.797420000000045,48.86442000000005,,,,,,,CONFLICTING,"Départ fictif : sur la rue du pavillon de Montreuil, de manière centrée à l'allée du Château sur la gauche de la chaussée."
21,START_REAL,,Départ réel,,1.7700100000000702,48.85101000000009,,,,,,,CONFLICTING,"Départ réel : sur la  VC, à hauteur du chemin sur la droite et de la tourelle sur la gauche de la chaussée."
21,SUMMIT,4,Catégorie 4,,2.2049354180000478,48.80898470200003,180,0.70,9.70,,,,CONFLICTING,"Sommet de col : sur la D181, route du Pavé des Gardes, à hauteur de la fin de la glissière béton (course sur les voies de droite) et du début du long terre-plein enherbé précédant le rond-point. Côte de 4ème catégorie. Altitude : 180 m. Distance : 0,7 km. Pente : 9,7 %."
21,SUMMIT,4,Catégorie 4,,2.341220000000078,48.886610000000076,128,1.00,6.50,,,,NORMALIZED_FACT,"Sommet de côte : sur la rue Norvins, au niveau de l'intersection avec la rue du Mont-Cenis. Côte de 4ème catégorie. Altitude : 128 m. Distance : 1 km. Pente : 6,5 %."
