rider,bib,team,outcome,published_code,exit_stage_number,last_classified_stage
T. POGACAR,1,UAE TEAM EMIRATES XRG,IN_RACE,,,20
I. DEL TORO,2,UAE TEAM EMIRATES XRG,IN_RACE,,,20
F. GROSSSCHARTNER,3,UAE TEAM EMIRATES XRG,IN_RACE,,,20
B. MCNULTY,4,UAE TEAM EMIRATES XRG,DNF,DNF-18,18,17
N. POLITT,5,UAE TEAM EMIRATES XRG,IN_RACE,,,20
F. VERMEERSCH,6,UAE TEAM EMIRATES XRG,IN_RACE,,,20
T. WELLENS,7,UAE TEAM EMIRATES XRG,IN_RACE,,,20
A. YATES,8,UAE TEAM EMIRATES XRG,IN_RACE,,,20
J. VINGEGAARD,11,TEAM VISMA | LEASE A BIKE,DNF,DNF-15,15,14
E. AFFINI,12,TEAM VISMA | LEASE A BIKE,DNF,DNF-19,19,18
B. ARMIRAIL,13,TEAM VISMA | LEASE A BIKE,IN_RACE,,,20
V. CAMPENAERTS,14,TEAM VISMA | LEASE A BIKE,IN_RACE,,,20
P. HAGENES,15,TEAM VISMA | LEASE A BIKE,IN_RACE,,,20
M. JORGENSON,16,TEAM VISMA | LEASE A BIKE,IN_RACE,,,20
S. KUSS,17,TEAM VISMA | LEASE A BIKE,IN_RACE,,,20
D. PIGANZOLI,18,TEAM VISMA | LEASE A BIKE,IN_RACE,,,20
R. EVENEPOEL,21,RED BULL - BORA - HANSGROHE,IN_RACE,,,20
M. CATTANEO,22,RED BULL - BORA - HANSGROHE,IN_RACE,,,20
N. DENZ,23,RED BULL - BORA - HANSGROHE,IN_RACE,,,20
J. HINDLEY,24,RED BULL - BORA - HANSGROHE,IN_RACE,,,20
F. LIPOWITZ,25,RED BULL - BORA - HANSGROHE,DNF,DNF-16,16,15
J. TRATNIK,26,RED BULL - BORA - HANSGROHE,IN_RACE,,,20
T. VAN DIJKE,27,RED BULL - BORA - HANSGROHE,IN_RACE,,,20
M. VAN GILS,28,RED BULL - BORA - HANSGROHE,IN_RACE,,,20
J. AYUSO,31,LIDL-TREK,IN_RACE,,,20
D. GEE,32,LIDL-TREK,IN_RACE,,,20
M. PEDERSEN,33,LIDL-TREK,IN_RACE,,,20
Q. SIMMONS,34,LIDL-TREK,IN_RACE,,,20
M. SKJELMOSE,35,LIDL-TREK,IN_RACE,,,20
T. SKUJINS,36,LIDL-TREK,IN_RACE,,,20
M. VACEK,37,LIDL-TREK,IN_RACE,,,20
C. VERONA,38,LIDL-TREK,IN_RACE,,,20
R. CARAPAZ,41,EF EDUCATION - EASYPOST,IN_RACE,,,20
K. ASGREEN,42,EF EDUCATION - EASYPOST,IN_RACE,,,20
A. BAUDIN,43,EF EDUCATION - EASYPOST,IN_RACE,,,20
B. HEALY,44,EF EDUCATION - EASYPOST,IN_RACE,,,20
S. QUINN,45,EF EDUCATION - EASYPOST,IN_RACE,,,20
G. STEINHAUSER,46,EF EDUCATION - EASYPOST,IN_RACE,,,20
M. VALGREN,47,EF EDUCATION - EASYPOST,IN_RACE,,,20
M. WALKER,48,EF EDUCATION - EASYPOST,IN_RACE,,,20
P. SEIXAS,51,DECATHLON CMA CGM TEAM,IN_RACE,,,20
T. BENOOT,52,DECATHLON CMA CGM TEAM,IN_RACE,,,20
C. BOL,53,DECATHLON CMA CGM TEAM,IN_RACE,,,20
D. HOOLE,54,DECATHLON CMA CGM TEAM,IN_RACE,,,20
O. KOOIJ,55,DECATHLON CMA CGM TEAM,IN_RACE,,,20
A. PARET PEINTRE,56,DECATHLON CMA CGM TEAM,IN_RACE,,,20
N. PRODHOMME,57,DECATHLON CMA CGM TEAM,IN_RACE,,,20
M. RICCITELLO,58,DECATHLON CMA CGM TEAM,IN_RACE,,,20
S. HIGUITA,61,XDS ASTANA TEAM,IN_RACE,,,20
D. BALLERINI,62,XDS ASTANA TEAM,IN_RACE,,,20
A. GATE,63,XDS ASTANA TEAM,IN_RACE,,,20
M. KANTER,64,XDS ASTANA TEAM,IN_RACE,,,20
H. TEJADA,65,XDS ASTANA TEAM,IN_RACE,,,20
M. TEUNISSEN,66,XDS ASTANA TEAM,IN_RACE,,,20
S. VELASCO,67,XDS ASTANA TEAM,IN_RACE,,,20
N. VINOKUROV,68,XDS ASTANA TEAM,IN_RACE,,,20
L. MARTINEZ,71,BAHRAIN VICTORIOUS,IN_RACE,,,20
P. BAUHAUS,72,BAHRAIN VICTORIOUS,IN_RACE,,,20
D. CARUSO,73,BAHRAIN VICTORIOUS,IN_RACE,,,20
K. GRADEK,74,BAHRAIN VICTORIOUS,IN_RACE,,,20
M. MOHORIC,75,BAHRAIN VICTORIOUS,IN_RACE,,,20
R. STANNARD,76,BAHRAIN VICTORIOUS,IN_RACE,,,20
A. TIBERI,77,BAHRAIN VICTORIOUS,IN_RACE,,,20
V. VAN MECHELEN,78,BAHRAIN VICTORIOUS,IN_RACE,,,20
E. BERNAL,81,NETCOMPANY INEOS CYCLING TEAM,IN_RACE,,,20
T. ARENSMAN,82,NETCOMPANY INEOS CYCLING TEAM,IN_RACE,,,20
T. FOSS,83,NETCOMPANY INEOS CYCLING TEAM,IN_RACE,,,20
F. GANNA,84,NETCOMPANY INEOS CYCLING TEAM,IN_RACE,,,20
D. GODON,85,NETCOMPANY INEOS CYCLING TEAM,IN_RACE,,,20
M. KWIATKOWSKI,86,NETCOMPANY INEOS CYCLING TEAM,IN_RACE,,,20
J. TARLING,87,NETCOMPANY INEOS CYCLING TEAM,IN_RACE,,,20
K. VAUQUELIN,88,NETCOMPANY INEOS CYCLING TEAM,IN_RACE,,,20
T. MERLIER,91,SOUDAL QUICK-STEP,DNF,DNF-15,15,14
P. EENKHOORN,92,SOUDAL QUICK-STEP,IN_RACE,,,20
V. PARET PEINTRE,93,SOUDAL QUICK-STEP,IN_RACE,,,20
J. STUYVEN,94,SOUDAL QUICK-STEP,IN_RACE,,,20
D. VAN BAARLE,95,SOUDAL QUICK-STEP,IN_RACE,,,20
B. VAN LERBERGHE,96,SOUDAL QUICK-STEP,DNF,DNF-6,6,5
I. VAN WILDER,97,SOUDAL QUICK-STEP,DNF,DNF-20,20,19
L. VERVAEKE,98,SOUDAL QUICK-STEP,IN_RACE,,,20
M. VAN DER POEL,101,ALPECIN-PREMIER TECH,IN_RACE,,,20
R. DEBRUYNE,102,ALPECIN-PREMIER TECH,DNS,DNS-14,14,13
S. DILLIER,103,ALPECIN-PREMIER TECH,IN_RACE,,,20
T. MARSMAN,104,ALPECIN-PREMIER TECH,IN_RACE,,,20
J. PHILIPSEN,105,ALPECIN-PREMIER TECH,IN_RACE,,,20
E. PLANCKAERT,106,ALPECIN-PREMIER TECH,IN_RACE,,,20
J. RICKAERT,107,ALPECIN-PREMIER TECH,IN_RACE,,,20
E. VERSTRYNGE,108,ALPECIN-PREMIER TECH,IN_RACE,,,20
B. O'CONNOR,111,TEAM JAYCO ALULA,IN_RACE,,,20
P. ACKERMANN,112,TEAM JAYCO ALULA,DNF,DNF-20,20,19
L. DURBRIDGE,113,TEAM JAYCO ALULA,IN_RACE,,,20
F. ENGELHARDT,114,TEAM JAYCO ALULA,IN_RACE,,,20
M. MATTHEWS,115,TEAM JAYCO ALULA,IN_RACE,,,20
K. O’BRIEN,116,TEAM JAYCO ALULA,OTL,OTL-4,4,3
L. PLAPP,117,TEAM JAYCO ALULA,IN_RACE,,,20
M. SCHMID,118,TEAM JAYCO ALULA,IN_RACE,,,20
T. JOHANNESSEN,121,UNO-X MOBILITY,IN_RACE,,,20
J. ABRAHAMSEN,122,UNO-X MOBILITY,IN_RACE,,,20
A. CHARMIG,123,UNO-X MOBILITY,OTL,OTL-14,14,13
M. CORT NIELSEN,124,UNO-X MOBILITY,IN_RACE,,,20
A. JOHANNESSEN,125,UNO-X MOBILITY,IN_RACE,,,20
A. SKAARSETH,126,UNO-X MOBILITY,IN_RACE,,,20
T. TRÆEN,127,UNO-X MOBILITY,DNS,DNS-7,7,6
S. WAERENSKJOLD,128,UNO-X MOBILITY,IN_RACE,,,20
B. GIRMAY,131,NSN CYCLING TEAM,IN_RACE,,,20
L. ASKEY,132,NSN CYCLING TEAM,IN_RACE,,,20
G. BENNETT,133,NSN CYCLING TEAM,IN_RACE,,,20
M. FRIGO,134,NSN CYCLING TEAM,IN_RACE,,,20
M. LOUVEL,135,NSN CYCLING TEAM,IN_RACE,,,20
K. NEILANDS,136,NSN CYCLING TEAM,IN_RACE,,,20
J. STEWART,137,NSN CYCLING TEAM,IN_RACE,,,20
T. VAN ASBROECK,138,NSN CYCLING TEAM,DNF,DNF-15,15,14
C. UIJTDEBROEKS,141,MOVISTAR TEAM,DNF,DNF-6,6,5
P. CASTRILLO,142,MOVISTAR TEAM,IN_RACE,,,20
J. CEPEDA,143,MOVISTAR TEAM,IN_RACE,,,20
R. GARCIA,144,MOVISTAR TEAM,IN_RACE,,,20
M. HEßMANN,145,MOVISTAR TEAM,IN_RACE,,,20
N. OLIVEIRA,146,MOVISTAR TEAM,IN_RACE,,,20
J. ROMO,147,MOVISTAR TEAM,IN_RACE,,,20
E. RUBIO,148,MOVISTAR TEAM,DNF,DNF-19,19,18
A. DE LIE,151,LOTTO INTERMARCHE,DNF,DNF-3,3,2
H. ARTZ,152,LOTTO INTERMARCHE,IN_RACE,,,20
J. BERCKMOES,153,LOTTO INTERMARCHE,DNS,DNS-13,13,12
L. CRAPS,154,LOTTO INTERMARCHE,DNS,DNS-16,16,15
L. SLOCK,155,LOTTO INTERMARCHE,IN_RACE,,,20
L. VAN EETVELT,156,LOTTO INTERMARCHE,IN_RACE,,,20
B. VEISTROFFER,157,LOTTO INTERMARCHE,IN_RACE,,,20
G. ZIMMERMANN,158,LOTTO INTERMARCHE,IN_RACE,,,20
I. IZAGIRRE,161,COFIDIS,IN_RACE,,,20
P. ALLEGAERT,162,COFIDIS,IN_RACE,,,20
A. ARANBURU,163,COFIDIS,IN_RACE,,,20
J. BIERMANS,164,COFIDIS,IN_RACE,,,20
M. FRETIN,165,COFIDIS,IN_RACE,,,20
A. KIRSCH,166,COFIDIS,IN_RACE,,,20
H. PAGE,167,COFIDIS,IN_RACE,,,20
B. THOMAS,168,COFIDIS,IN_RACE,,,20
T. PIDCOCK,171,PINARELLO-Q36.5 PRO CYCLING TEAM,IN_RACE,,,20
X. AZPARREN IRURZUN,172,PINARELLO-Q36.5 PRO CYCLING TEAM,IN_RACE,,,20
C. HARPER,173,PINARELLO-Q36.5 PRO CYCLING TEAM,DNS,DNS-11,11,10
Q. HERMANS,174,PINARELLO-Q36.5 PRO CYCLING TEAM,IN_RACE,,,20
D. HOWSON,175,PINARELLO-Q36.5 PRO CYCLING TEAM,IN_RACE,,,20
X. MEURISSE,176,PINARELLO-Q36.5 PRO CYCLING TEAM,IN_RACE,,,20
B. VAN MOER,177,PINARELLO-Q36.5 PRO CYCLING TEAM,IN_RACE,,,20
F. WRIGHT,178,PINARELLO-Q36.5 PRO CYCLING TEAM,IN_RACE,,,20
R. GREGOIRE,181,GROUPAMA-FDJ UNITED,IN_RACE,,,20
C. BERTHET,182,GROUPAMA-FDJ UNITED,DNS,DNS-2,2,1
C. BRAZ AFONSO,183,GROUPAMA-FDJ UNITED,IN_RACE,,,20
E. COSTIOU,184,GROUPAMA-FDJ UNITED,IN_RACE,,,20
L. GERMANI,185,GROUPAMA-FDJ UNITED,IN_RACE,,,20
G. MARTIN GUYONNET,186,GROUPAMA-FDJ UNITED,IN_RACE,,,20
Q. PACHER,187,GROUPAMA-FDJ UNITED,IN_RACE,,,20
C. RUSSO,188,GROUPAMA-FDJ UNITED,IN_RACE,,,20
J. ALAPHILIPPE,191,TUDOR PRO CYCLING TEAM,IN_RACE,,,20
A. DE KLEIJN,192,TUDOR PRO CYCLING TEAM,DNF,DNF-6,6,5
M. HALLER,193,TUDOR PRO CYCLING TEAM,IN_RACE,,,20
M. HIRSCHI,194,TUDOR PRO CYCLING TEAM,IN_RACE,,,20
R. PLUIMERS,195,TUDOR PRO CYCLING TEAM,IN_RACE,,,20
M. STORER,196,TUDOR PRO CYCLING TEAM,IN_RACE,,,20
M. TRENTIN,197,TUDOR PRO CYCLING TEAM,DNS,DNS-10,10,9
Y. VOISARD,198,TUDOR PRO CYCLING TEAM,IN_RACE,,,20
J. JEGAT,201,TOTALENERGIES,IN_RACE,,,20
N. BREUILLARD,202,TOTALENERGIES,IN_RACE,,,20
J. DELBOVE,203,TOTALENERGIES,IN_RACE,,,20
A. DELETTRE,204,TOTALENERGIES,IN_RACE,,,20
T. GUERNALEC,205,TOTALENERGIES,IN_RACE,,,20
M. LE BERRE,206,TOTALENERGIES,IN_RACE,,,20
A. TURGIS,207,TOTALENERGIES,IN_RACE,,,20
M. VERCHER,208,TOTALENERGIES,IN_RACE,,,20
W. BARGUIL,211,TEAM PICNIC POSTNL,IN_RACE,,,20
F. BIESTERBOS,212,TEAM PICNIC POSTNL,DNS,DNS-13,13,12
P. BITTNER,213,TEAM PICNIC POSTNL,IN_RACE,,,20
J. DEGENKOLB,214,TEAM PICNIC POSTNL,IN_RACE,,,20
R. DHONDT,215,TEAM PICNIC POSTNL,IN_RACE,,,20
N. MÄRKL,216,TEAM PICNIC POSTNL,IN_RACE,,,20
J. VAN DEN BERG,217,TEAM PICNIC POSTNL,IN_RACE,,,20
F. VAN DEN BROEK,218,TEAM PICNIC POSTNL,IN_RACE,,,20
F. GAVIRIA,221,CAJA RURAL-SEGUROS RGA,DNS,DNS-13,13,12
A. BALDERSTONE,222,CAJA RURAL-SEGUROS RGA,IN_RACE,,,20
S. BERWICK,223,CAJA RURAL-SEGUROS RGA,IN_RACE,,,20
A. MOLENAAR,224,CAJA RURAL-SEGUROS RGA,DNS,DNS-6,6,5
J. NICOLAU,225,CAJA RURAL-SEGUROS RGA,IN_RACE,,,20
S. OLDANI,226,CAJA RURAL-SEGUROS RGA,IN_RACE,,,20
J. OTRUBA,227,CAJA RURAL-SEGUROS RGA,IN_RACE,,,20
J. PARRA,228,CAJA RURAL-SEGUROS RGA,DNS,DNS-18,18,17
