bib,rider,team
1,T. POGACAR,UAE TEAM EMIRATES XRG
2,I. DEL TORO,UAE TEAM EMIRATES XRG
3,F. GROSSSCHARTNER,UAE TEAM EMIRATES XRG
4,B. MCNULTY,UAE TEAM EMIRATES XRG
5,N. POLITT,UAE TEAM EMIRATES XRG
6,F. VERMEERSCH,UAE TEAM EMIRATES XRG
7,T. WELLENS,UAE TEAM EMIRATES XRG
8,A. YATES,UAE TEAM EMIRATES XRG
11,J. VINGEGAARD,TEAM VISMA | LEASE A BIKE
12,E. AFFINI,TEAM VISMA | LEASE A BIKE
13,B. ARMIRAIL,TEAM VISMA | LEASE A BIKE
14,V. CAMPENAERTS,TEAM VISMA | LEASE A BIKE
15,P. HAGENES,TEAM VISMA | LEASE A BIKE
16,M. JORGENSON,TEAM VISMA | LEASE A BIKE
17,S. KUSS,TEAM VISMA | LEASE A BIKE
18,D. PIGANZOLI,TEAM VISMA | LEASE A BIKE
21,R. EVENEPOEL,RED BULL - BORA - HANSGROHE
22,M. CATTANEO,RED BULL - BORA - HANSGROHE
23,N. DENZ,RED BULL - BORA - HANSGROHE
24,J. HINDLEY,RED BULL - BORA - HANSGROHE
25,F. LIPOWITZ,RED BULL - BORA - HANSGROHE
26,J. TRATNIK,RED BULL - BORA - HANSGROHE
27,T. VAN DIJKE,RED BULL - BORA - HANSGROHE
28,M. VAN GILS,RED BULL - BORA - HANSGROHE
31,J. AYUSO,LIDL-TREK
32,D. GEE,LIDL-TREK
33,M. PEDERSEN,LIDL-TREK
34,Q. SIMMONS,LIDL-TREK
35,M. SKJELMOSE,LIDL-TREK
36,T. SKUJINS,LIDL-TREK
37,M. VACEK,LIDL-TREK
38,C. VERONA,LIDL-TREK
41,R. CARAPAZ,EF EDUCATION - EASYPOST
42,K. ASGREEN,EF EDUCATION - EASYPOST
43,A. BAUDIN,EF EDUCATION - EASYPOST
44,B. HEALY,EF EDUCATION - EASYPOST
45,S. QUINN,EF EDUCATION - EASYPOST
46,G. STEINHAUSER,EF EDUCATION - EASYPOST
47,M. VALGREN,EF EDUCATION - EASYPOST
48,M. WALKER,EF EDUCATION - EASYPOST
51,P. SEIXAS,DECATHLON CMA CGM TEAM
52,T. BENOOT,DECATHLON CMA CGM TEAM
53,C. BOL,DECATHLON CMA CGM TEAM
54,D. HOOLE,DECATHLON CMA CGM TEAM
55,O. KOOIJ,DECATHLON CMA CGM TEAM
56,A. PARET PEINTRE,DECATHLON CMA CGM TEAM
57,N. PRODHOMME,DECATHLON CMA CGM TEAM
58,M. RICCITELLO,DECATHLON CMA CGM TEAM
61,S. HIGUITA,XDS ASTANA TEAM
62,D. BALLERINI,XDS ASTANA TEAM
63,A. GATE,XDS ASTANA TEAM
64,M. KANTER,XDS ASTANA TEAM
65,H. TEJADA,XDS ASTANA TEAM
66,M. TEUNISSEN,XDS ASTANA TEAM
67,S. VELASCO,XDS ASTANA TEAM
68,N. VINOKUROV,XDS ASTANA TEAM
71,L. MARTINEZ,BAHRAIN VICTORIOUS
72,P. BAUHAUS,BAHRAIN VICTORIOUS
73,D. CARUSO,BAHRAIN VICTORIOUS
74,K. GRADEK,BAHRAIN VICTORIOUS
75,M. MOHORIC,BAHRAIN VICTORIOUS
76,R. STANNARD,BAHRAIN VICTORIOUS
77,A. TIBERI,BAHRAIN VICTORIOUS
78,V. VAN MECHELEN,BAHRAIN VICTORIOUS
81,E. BERNAL,NETCOMPANY INEOS CYCLING TEAM
82,T. ARENSMAN,NETCOMPANY INEOS CYCLING TEAM
83,T. FOSS,NETCOMPANY INEOS CYCLING TEAM
84,F. GANNA,NETCOMPANY INEOS CYCLING TEAM
85,D. GODON,NETCOMPANY INEOS CYCLING TEAM
86,M. KWIATKOWSKI,NETCOMPANY INEOS CYCLING TEAM
87,J. TARLING,NETCOMPANY INEOS CYCLING TEAM
88,K. VAUQUELIN,NETCOMPANY INEOS CYCLING TEAM
91,T. MERLIER,SOUDAL QUICK-STEP
92,P. EENKHOORN,SOUDAL QUICK-STEP
93,V. PARET PEINTRE,SOUDAL QUICK-STEP
94,J. STUYVEN,SOUDAL QUICK-STEP
95,D. VAN BAARLE,SOUDAL QUICK-STEP
96,B. VAN LERBERGHE,SOUDAL QUICK-STEP
97,I. VAN WILDER,SOUDAL QUICK-STEP
98,L. VERVAEKE,SOUDAL QUICK-STEP
101,M. VAN DER POEL,ALPECIN-PREMIER TECH
102,R. DEBRUYNE,ALPECIN-PREMIER TECH
103,S. DILLIER,ALPECIN-PREMIER TECH
104,T. MARSMAN,ALPECIN-PREMIER TECH
105,J. PHILIPSEN,ALPECIN-PREMIER TECH
106,E. PLANCKAERT,ALPECIN-PREMIER TECH
107,J. RICKAERT,ALPECIN-PREMIER TECH
108,E. VERSTRYNGE,ALPECIN-PREMIER TECH
111,B. O'CONNOR,TEAM JAYCO ALULA
112,P. ACKERMANN,TEAM JAYCO ALULA
113,L. DURBRIDGE,TEAM JAYCO ALULA
114,F. ENGELHARDT,TEAM JAYCO ALULA
115,M. MATTHEWS,TEAM JAYCO ALULA
116,K. O’BRIEN,TEAM JAYCO ALULA
117,L. PLAPP,TEAM JAYCO ALULA
118,M. SCHMID,TEAM JAYCO ALULA
121,T. JOHANNESSEN,UNO-X MOBILITY
122,J. ABRAHAMSEN,UNO-X MOBILITY
123,A. CHARMIG,UNO-X MOBILITY
124,M. CORT NIELSEN,UNO-X MOBILITY
125,A. JOHANNESSEN,UNO-X MOBILITY
126,A. SKAARSETH,UNO-X MOBILITY
127,T. TRÆEN,UNO-X MOBILITY
128,S. WAERENSKJOLD,UNO-X MOBILITY
131,B. GIRMAY,NSN CYCLING TEAM
132,L. ASKEY,NSN CYCLING TEAM
133,G. BENNETT,NSN CYCLING TEAM
134,M. FRIGO,NSN CYCLING TEAM
135,M. LOUVEL,NSN CYCLING TEAM
136,K. NEILANDS,NSN CYCLING TEAM
137,J. STEWART,NSN CYCLING TEAM
138,T. VAN ASBROECK,NSN CYCLING TEAM
141,C. UIJTDEBROEKS,MOVISTAR TEAM
142,P. CASTRILLO,MOVISTAR TEAM
143,J. CEPEDA,MOVISTAR TEAM
144,R. GARCIA,MOVISTAR TEAM
145,M. HEßMANN,MOVISTAR TEAM
146,N. OLIVEIRA,MOVISTAR TEAM
147,J. ROMO,MOVISTAR TEAM
148,E. RUBIO,MOVISTAR TEAM
151,A. DE LIE,LOTTO INTERMARCHE
152,H. ARTZ,LOTTO INTERMARCHE
153,J. BERCKMOES,LOTTO INTERMARCHE
154,L. CRAPS,LOTTO INTERMARCHE
155,L. SLOCK,LOTTO INTERMARCHE
156,L. VAN EETVELT,LOTTO INTERMARCHE
157,B. VEISTROFFER,LOTTO INTERMARCHE
158,G. ZIMMERMANN,LOTTO INTERMARCHE
161,I. IZAGIRRE,COFIDIS
162,P. ALLEGAERT,COFIDIS
163,A. ARANBURU,COFIDIS
164,J. BIERMANS,COFIDIS
165,M. FRETIN,COFIDIS
166,A. KIRSCH,COFIDIS
167,H. PAGE,COFIDIS
168,B. THOMAS,COFIDIS
171,T. PIDCOCK,PINARELLO-Q36.5 PRO CYCLING TEAM
172,X. AZPARREN IRURZUN,PINARELLO-Q36.5 PRO CYCLING TEAM
173,C. HARPER,PINARELLO-Q36.5 PRO CYCLING TEAM
174,Q. HERMANS,PINARELLO-Q36.5 PRO CYCLING TEAM
175,D. HOWSON,PINARELLO-Q36.5 PRO CYCLING TEAM
176,X. MEURISSE,PINARELLO-Q36.5 PRO CYCLING TEAM
177,B. VAN MOER,PINARELLO-Q36.5 PRO CYCLING TEAM
178,F. WRIGHT,PINARELLO-Q36.5 PRO CYCLING TEAM
181,R. GREGOIRE,GROUPAMA-FDJ UNITED
182,C. BERTHET,GROUPAMA-FDJ UNITED
183,C. BRAZ AFONSO,GROUPAMA-FDJ UNITED
184,E. COSTIOU,GROUPAMA-FDJ UNITED
185,L. GERMANI,GROUPAMA-FDJ UNITED
186,G. MARTIN GUYONNET,GROUPAMA-FDJ UNITED
187,Q. PACHER,GROUPAMA-FDJ UNITED
188,C. RUSSO,GROUPAMA-FDJ UNITED
191,J. ALAPHILIPPE,TUDOR PRO CYCLING TEAM
192,A. DE KLEIJN,TUDOR PRO CYCLING TEAM
193,M. HALLER,TUDOR PRO CYCLING TEAM
194,M. HIRSCHI,TUDOR PRO CYCLING TEAM
195,R. PLUIMERS,TUDOR PRO CYCLING TEAM
196,M. STORER,TUDOR PRO CYCLING TEAM
197,M. TRENTIN,TUDOR PRO CYCLING TEAM
198,Y. VOISARD,TUDOR PRO CYCLING TEAM
201,J. JEGAT,TOTALENERGIES
202,N. BREUILLARD,TOTALENERGIES
203,J. DELBOVE,TOTALENERGIES
204,A. DELETTRE,TOTALENERGIES
205,T. GUERNALEC,TOTALENERGIES
206,M. LE BERRE,TOTALENERGIES
207,A. TURGIS,TOTALENERGIES
208,M. VERCHER,TOTALENERGIES
211,W. BARGUIL,TEAM PICNIC POSTNL
212,F. BIESTERBOS,TEAM PICNIC POSTNL
213,P. BITTNER,TEAM PICNIC POSTNL
214,J. DEGENKOLB,TEAM PICNIC POSTNL
215,R. DHONDT,TEAM PICNIC POSTNL
216,N. MÄRKL,TEAM PICNIC POSTNL
217,J. VAN DEN BERG,TEAM PICNIC POSTNL
218,F. VAN DEN BROEK,TEAM PICNIC POSTNL
221,F. GAVIRIA,CAJA RURAL-SEGUROS RGA
222,A. BALDERSTONE,CAJA RURAL-SEGUROS RGA
223,S. BERWICK,CAJA RURAL-SEGUROS RGA
224,A. MOLENAAR,CAJA RURAL-SEGUROS RGA
225,J. NICOLAU,CAJA RURAL-SEGUROS RGA
226,S. OLDANI,CAJA RURAL-SEGUROS RGA
227,J. OTRUBA,CAJA RURAL-SEGUROS RGA
228,J. PARRA,CAJA RURAL-SEGUROS RGA
